id;entity_type;entity_label;latitude;longitude;description;dist_board_name;luminaire_model;entity_gui_color;device_type_number;luminaire_nominal_power;luminaire_dist_board;luminaire_post_number;dist_board_number;device_status;luminaire_dimming;luminaire_switch;dist_board_power_mode
1;CITY;Kyjov;49.010468;17.122395;City description;;;rgb(204,120,255);;;;;;;;;
2;DISTRICT;Kyjov;49.010468;17.122395;District description;;;rgb(204,120,255);;;;;;;;;
3;CABINET;RVO 2;49.00588056;17.12999722;Cabinet description;Kyjov RVO 2;;rgb(204,120,255);;;;;2;Virtual;;;Automatic
4;CABINET;RVO 5;49.007324;17.127967;Cabinet description;Kyjov RVO 5;;rgb(204,120,255);;;;;5;Virtual;;;Automatic
5;CABINET;RVO 6;49.007244;17.116508;Cabinet description;Kyjov RVO 6;;rgb(204,120,255);;;;;6;Virtual;;;Automatic
6;CABINET;RVO 12;49.012859;17.13365;Cabinet description;Kyjov RVO 12;;rgb(204,120,255);;;;;12;Virtual;;;Automatic
7;CABINET;RVO 15;49.017302;17.13458;Cabinet description;Kyjov RVO 15;;rgb(204,120,255);;;;;15;Virtual;;;Automatic
8;CABINET;RVO 17;49.01835;17.129594;Cabinet description;Kyjov RVO 17;;rgb(204,120,255);;;;;17;Virtual;;;Automatic
9;CABINET;RVO 13;49.013342;17.134541;Cabinet description;Kyjov RVO 13;;rgb(204,120,255);;;;;13;Virtual;;;Automatic
10;LUMINAIRE;LumDimm 5/053;49.008193;17.120946;Luminaire description;;DALYA M PLC 87W;;C039AN0685;87W;RVO 5;LumDimm 5/053;;Virtual;0;FALSE;
11;LUMINAIRE;LumDimm 5/097;49.007396;17.131415;Luminaire description;;DALYA S PLC 28W;;C039AR0055;28W;RVO 5;LumDimm 5/097;;Virtual;0;FALSE;
12;LUMINAIRE;LumDimm 5/098;49.007552;17.131584;Luminaire description;;DALYA S PLC 28W;;C039AR0055;28W;RVO 5;LumDimm 5/098;;Virtual;0;FALSE;
13;LUMINAIRE;LumDimm 5/099;49.007549;17.131859;Luminaire description;;DALYA S PLC 28W;;C039AR0055;28W;RVO 5;LumDimm 5/099;;Virtual;0;FALSE;
14;LUMINAIRE;LumDimm 5/100;49.007214;17.131974;Luminaire description;;DALYA S PLC 28W;;C039AR0055;28W;RVO 5;LumDimm 5/100;;Virtual;0;FALSE;
15;LUMINAIRE;LumDimm 5/101;49.007371;17.132193;Luminaire description;;DALYA S PLC 28W;;C039AR0055;28W;RVO 5;LumDimm 5/101;;Virtual;0;FALSE;
16;LUMINAIRE;LumDimm 5/102;49.007443;17.132023;Luminaire description;;DALYA S PLC 28W;;C039AR0055;28W;RVO 5;LumDimm 5/102;;Virtual;0;FALSE;
17;LUMINAIRE;LumDimm 5/103;49.007653;17.132068;Luminaire description;;DALYA S PLC 28W;;C039AR0055;28W;RVO 5;LumDimm 5/103;;Virtual;0;FALSE;
18;LUMINAIRE;LumDimm 5/104;49.006999;17.131930;Luminaire description;;DALYA S PLC 28W;;C039AR0055;28W;RVO 5;LumDimm 5/104;;Virtual;0;FALSE;
19;LUMINAIRE;LumDimm 5/105;49.006796;17.131951;Luminaire description;;DALYA S PLC 28W;;C039AR0055;28W;RVO 5;LumDimm 5/105;;Virtual;0;FALSE;
20;LUMINAIRE;LumDimm 5/106;49.006547;17.132307;Luminaire description;;DALYA S PLC 28W;;C039AR0055;28W;RVO 5;LumDimm 5/106;;Virtual;0;FALSE;
21;LUMINAIRE;LumDimm 5/107;49.006344;17.132572;Luminaire description;;DALYA S PLC 28W;;C039AR0055;28W;RVO 5;LumDimm 5/107;;Virtual;0;FALSE;
22;LUMINAIRE;LumDimm 5/108;49.007075;17.131454;Luminaire description;;DALYA S PLC 28W;;C039AR0055;28W;RVO 5;LumDimm 5/108;;Virtual;0;FALSE;
23;LUMINAIRE;LumDimm 5/109;49.006922;17.131619;Luminaire description;;DALYA S PLC 28W;;C039AR0055;28W;RVO 5;LumDimm 5/109;;Virtual;0;FALSE;
24;LUMINAIRE;LumDimm 5/110;49.006373;17.132298;Luminaire description;;DALYA S PLC 28W;;C039AR0055;28W;RVO 5;LumDimm 5/110;;Virtual;0;FALSE;
25;LUMINAIRE;LumDimm 5/111;49.006168;17.132668;Luminaire description;;DALYA S PLC 28W;;C039AR0055;28W;RVO 5;LumDimm 5/111;;Virtual;0;FALSE;
26;LUMINAIRE;LumDimm 5/112;49.006001;17.132198;Luminaire description;;DALYA S PLC 28W;;C039AR0055;28W;RVO 5;LumDimm 5/112;;Virtual;0;FALSE;
27;LUMINAIRE;LumDimm 5/113;49.005499;17.132579;Luminaire description;;DALYA S PLC 28W;;C039AR0055;28W;RVO 5;LumDimm 5/113;;Virtual;0;FALSE;
28;LUMINAIRE;LumDimm 5/114;49.005304;17.132600;Luminaire description;;DALYA S PLC 28W;;C039AR0055;28W;RVO 5;LumDimm 5/114;;Virtual;0;FALSE;
29;LUMINAIRE;LumDimm 5/115;49.005544;17.132258;Luminaire description;;DALYA S PLC 28W;;C039AR0055;28W;RVO 5;LumDimm 5/115;;Virtual;0;FALSE;
30;LUMINAIRE;LumDimm 5/116 A;49.005561;17.132069;Luminaire description;;DALYA S PLC 28W;;C039AR0055;28W;RVO 5;LumDimm 5/116 A;;Virtual;0;FALSE;
31;LUMINAIRE;LumDimm 5/116 B;49.005561;17.132069;Luminaire description;;DALYA S PLC 28W;;C039AR0055;28W;RVO 5;LumDimm 5/116 B;;Virtual;0;FALSE;
32;LUMINAIRE;LumDimm 5/125;49.007257;17.131322;Luminaire description;;DALYA S PLC 28W;;C039AR0055;28W;RVO 5;LumDimm 5/125;;Virtual;0;FALSE;
33;LUMINAIRE;LumDimm 5/129;49.007918;17.131034;Luminaire description;;DALYA M PLC 65W;;C039AN0684;65W;RVO 5;LumDimm 5/129;;Virtual;0;FALSE;
34;LUMINAIRE;LumDimm 6/017;49.007419;17.117613;Luminaire description;;DALYA M PLC 108W;;C039AN0677;108W;RVO 6;LumDimm 6/017;;Virtual;0;FALSE;
35;LUMINAIRE;LumDimm 6/018;49.007388;17.117171;Luminaire description;;DALYA M PLC 108W;;C039AN0677;108W;RVO 6;LumDimm 6/018;;Virtual;0;FALSE;
36;LUMINAIRE;LumDimm 6/019;49.007358;17.116750;Luminaire description;;DALYA M PLC 108W;;C039AN0677;108W;RVO 6;LumDimm 6/019;;Virtual;0;FALSE;
37;LUMINAIRE;LumDimm 6/020;49.007330;17.116332;Luminaire description;;DALYA M PLC 108W;;C039AN0677;108W;RVO 6;LumDimm 6/020;;Virtual;0;FALSE;
38;LUMINAIRE;LumDimm 6/021;49.007301;17.115911;Luminaire description;;DALYA M PLC 108W;;C039AN0677;108W;RVO 6;LumDimm 6/021;;Virtual;0;FALSE;
39;LUMINAIRE;LumDimm 6/022;49.007272;17.115491;Luminaire description;;DALYA M PLC 108W;;C039AN0677;108W;RVO 6;LumDimm 6/022;;Virtual;0;FALSE;
40;LUMINAIRE;LumDimm 6/023;49.007243;17.115049;Luminaire description;;DALYA M PLC 108W;;C039AN0677;108W;RVO 6;LumDimm 6/023;;Virtual;0;FALSE;
41;LUMINAIRE;LumDimm 6/024;49.007177;17.114099;Luminaire description;;DALYA M PLC 108W;;C039AN0677;108W;RVO 6;LumDimm 6/024;;Virtual;0;FALSE;
42;LUMINAIRE;LumDimm 6/025;49.007108;17.113152;Luminaire description;;DALYA M PLC 108W;;C039AN0677;108W;RVO 6;LumDimm 6/025;;Virtual;0;FALSE;
43;LUMINAIRE;LumDimm 6/026;49.006812;17.112584;Luminaire description;;DALYA M PLC 87W;;C039AN0680;87W;RVO 6;LumDimm 6/026;;Virtual;0;FALSE;
44;LUMINAIRE;LumDimm 6/027;49.006433;17.112513;Luminaire description;;DALYA M PLC 87W;;C039AN0680;87W;RVO 6;LumDimm 6/027;;Virtual;0;FALSE;
45;LUMINAIRE;LumDimm 6/028;49.006095;17.112455;Luminaire description;;DALYA M PLC 87W;;C039AN0680;87W;RVO 6;LumDimm 6/028;;Virtual;0;FALSE;
46;LUMINAIRE;LumDimm 6/029;49.005706;17.112480;Luminaire description;;DALYA M PLC 87W;;C039AN0680;87W;RVO 6;LumDimm 6/029;;Virtual;0;FALSE;
47;LUMINAIRE;LumDimm 6/030;49.007025;17.112059;Luminaire description;;DALYA M PLC 108W;;C039AN0677;108W;RVO 6;LumDimm 6/030;;Virtual;0;FALSE;
48;LUMINAIRE;LumDimm 6/031;49.006946;17.111247;Luminaire description;;DALYA M PLC 108W;;C039AN0677;108W;RVO 6;LumDimm 6/031;;Virtual;0;FALSE;
49;LUMINAIRE;LumDimm 6/032;49.006814;17.110012;Luminaire description;;DALYA M PLC 108W;;C039AN0677;108W;RVO 6;LumDimm 6/032;;Virtual;0;FALSE;
50;LUMINAIRE;LumDimm 6/033;49.006713;17.109073;Luminaire description;;DALYA M PLC 108W;;C039AN0677;108W;RVO 6;LumDimm 6/033;;Virtual;0;FALSE;
51;LUMINAIRE;LumDimm 6/034;49.006990;17.115176;Luminaire description;;DALYA M PLC 47W;;C039AN0678;47W;RVO 6;LumDimm 6/034;;Virtual;0;FALSE;
52;LUMINAIRE;LumDimm 6/035;49.006557;17.114453;Luminaire description;;DALYA M PLC 47W;;C039AN0678;47W;RVO 6;LumDimm 6/035;;Virtual;0;FALSE;
53;LUMINAIRE;LumDimm 6/036;49.006143;17.113739;Luminaire description;;DALYA M PLC 47W;;C039AN0678;47W;RVO 6;LumDimm 6/036;;Virtual;0;FALSE;
54;LUMINAIRE;LumDimm 6/037;49.005760;17.113076;Luminaire description;;DALYA M PLC 47W;;C039AN0678;47W;RVO 6;LumDimm 6/037;;Virtual;0;FALSE;
55;LUMINAIRE;LumDimm 6/043;49.007562;17.117590;Luminaire description;;DALYA M PLC 108W;;C039AN0677;108W;RVO 6;LumDimm 6/043;;Virtual;0;FALSE;
56;LUMINAIRE;LumDimm 6/044;49.007532;17.117148;Luminaire description;;DALYA M PLC 108W;;C039AN0677;108W;RVO 6;LumDimm 6/044;;Virtual;0;FALSE;
57;LUMINAIRE;LumDimm 6/045;49.007503;17.116729;Luminaire description;;DALYA M PLC 108W;;C039AN0677;108W;RVO 6;LumDimm 6/045;;Virtual;0;FALSE;
58;LUMINAIRE;LumDimm 6/046;49.007475;17.116310;Luminaire description;;DALYA M PLC 108W;;C039AN0677;108W;RVO 6;LumDimm 6/046;;Virtual;0;FALSE;
59;LUMINAIRE;LumDimm 6/047;49.007446;17.115889;Luminaire description;;DALYA M PLC 108W;;C039AN0677;108W;RVO 6;LumDimm 6/047;;Virtual;0;FALSE;
60;LUMINAIRE;LumDimm 6/048;49.007417;17.115469;Luminaire description;;DALYA M PLC 108W;;C039AN0677;108W;RVO 6;LumDimm 6/048;;Virtual;0;FALSE;
61;LUMINAIRE;LumDimm 6/049;49.007387;17.115028;Luminaire description;;DALYA M PLC 108W;;C039AN0677;108W;RVO 6;LumDimm 6/049;;Virtual;0;FALSE;
62;LUMINAIRE;LumDimm 6/050;49.007355;17.114549;Luminaire description;;DALYA M PLC 108W;;C039AN0677;108W;RVO 6;LumDimm 6/050;;Virtual;0;FALSE;
63;LUMINAIRE;LumDimm 6/055;49.007297;17.113649;Luminaire description;;DALYA M PLC 108W;;C039AN0677;108W;RVO 6;LumDimm 6/055;;Virtual;0;FALSE;
64;LUMINAIRE;LumDimm 6/056;49.007209;17.112556;Luminaire description;;DALYA M PLC 108W;;C039AN0677;108W;RVO 6;LumDimm 6/056;;Virtual;0;FALSE;
65;LUMINAIRE;LumDimm 6/058;49.007036;17.110741;Luminaire description;;DALYA M PLC 108W;;C039AN0677;108W;RVO 6;LumDimm 6/058;;Virtual;0;FALSE;
66;LUMINAIRE;LumDimm 6/059;49.007000;17.110431;Luminaire description;;DALYA M PLC 108W;;C039AN0677;108W;RVO 6;LumDimm 6/059;;Virtual;0;FALSE;
67;LUMINAIRE;LumDimm 6/060;49.006896;17.109489;Luminaire description;;DALYA M PLC 108W;;C039AN0677;108W;RVO 6;LumDimm 6/060;;Virtual;0;FALSE;
68;LUMINAIRE;LumDimm 6/080;49.007688;17.116420;Luminaire description;;DALYA M PLC 65W;;C039AN0683;65W;RVO 6;LumDimm 6/080;;Virtual;0;FALSE;
69;LUMINAIRE;LumDimm 6/081;49.007796;17.116795;Luminaire description;;DALYA M PLC 65W;;C039AN0683;65W;RVO 6;LumDimm 6/081;;Virtual;0;FALSE;
70;LUMINAIRE;LumDimm 6/082;49.007889;17.117232;Luminaire description;;DALYA M PLC 65W;;C039AN0683;65W;RVO 6;LumDimm 6/082;;Virtual;0;FALSE;
71;LUMINAIRE;LumDimm 6/083;49.007985;17.117644;Luminaire description;;DALYA M PLC 65W;;C039AN0683;65W;RVO 6;LumDimm 6/083;;Virtual;0;FALSE;
72;LUMINAIRE;LumDimm 6/084;49.008050;17.118026;Luminaire description;;DALYA M PLC 65W;;C039AN0683;65W;RVO 6;LumDimm 6/084;;Virtual;0;FALSE;
73;LUMINAIRE;LumDimm 6/085;49.008119;17.118435;Luminaire description;;DALYA M PLC 65W;;C039AN0683;65W;RVO 6;LumDimm 6/085;;Virtual;0;FALSE;
74;LUMINAIRE;LumDimm 6/086;49.008246;17.118935;Luminaire description;;DALYA M PLC 65W;;C039AN0683;65W;RVO 6;LumDimm 6/086;;Virtual;0;FALSE;
75;LUMINAIRE;LumDimm 6/087;49.008300;17.119426;Luminaire description;;DALYA M PLC 65W;;C039AN0683;65W;RVO 6;LumDimm 6/087;;Virtual;0;FALSE;
76;LUMINAIRE;LumDimm 6/089;49.008403;17.119627;Luminaire description;;DALYA M PLC 65W;;C039AN0683;65W;RVO 6;LumDimm 6/089;;Virtual;0;FALSE;
77;LUMINAIRE;LumDimm 6/090;49.008292;17.119855;Luminaire description;;DALYA M PLC 65W;;C039AN0683;65W;RVO 6;LumDimm 6/090;;Virtual;0;FALSE;
78;LUMINAIRE;LumDimm 6/119;49.009375;17.115601;Luminaire description;;DALYA S PLC 28W;;C039AR0054;28W;RVO 6;LumDimm 6/119;;Virtual;0;FALSE;
79;LUMINAIRE;LumDimm 6/120;49.009429;17.115239;Luminaire description;;DALYA S PLC 28W;;C039AR0054;28W;RVO 6;LumDimm 6/120;;Virtual;0;FALSE;
80;LUMINAIRE;LumDimm 6/121;49.009484;17.114878;Luminaire description;;DALYA S PLC 28W;;C039AR0054;28W;RVO 6;LumDimm 6/121;;Virtual;0;FALSE;
81;LUMINAIRE;LumDimm 6/122;49.009543;17.114520;Luminaire description;;DALYA S PLC 28W;;C039AR0054;28W;RVO 6;LumDimm 6/122;;Virtual;0;FALSE;
82;LUMINAIRE;LumDimm 6/123;49.009603;17.114165;Luminaire description;;DALYA S PLC 28W;;C039AR0054;28W;RVO 6;LumDimm 6/123;;Virtual;0;FALSE;
83;LUMINAIRE;LumDimm 6/124;49.009666;17.113808;Luminaire description;;DALYA S PLC 28W;;C039AR0054;28W;RVO 6;LumDimm 6/124;;Virtual;0;FALSE;
84;LUMINAIRE;LumDimm 6/125;49.009729;17.113451;Luminaire description;;DALYA S PLC 28W;;C039AR0054;28W;RVO 6;LumDimm 6/125;;Virtual;0;FALSE;
85;LUMINAIRE;LumDimm 6/126;49.009794;17.113093;Luminaire description;;DALYA S PLC 28W;;C039AR0054;28W;RVO 6;LumDimm 6/126;;Virtual;0;FALSE;
86;LUMINAIRE;LumDimm 6/127;49.009857;17.112742;Luminaire description;;DALYA S PLC 28W;;C039AR0054;28W;RVO 6;LumDimm 6/127;;Virtual;0;FALSE;
87;LUMINAIRE;LumDimm 6/128;49.009917;17.112379;Luminaire description;;DALYA S PLC 28W;;C039AR0054;28W;RVO 6;LumDimm 6/128;;Virtual;0;FALSE;
88;LUMINAIRE;LumDimm 6/129;49.010048;17.111676;Luminaire description;;DALYA S PLC 28W;;C039AR0054;28W;RVO 6;LumDimm 6/129;;Virtual;0;FALSE;
89;LUMINAIRE;LumDimm 6/130;49.010109;17.111333;Luminaire description;;DALYA S PLC 28W;;C039AR0054;28W;RVO 6;LumDimm 6/130;;Virtual;0;FALSE;
90;LUMINAIRE;LumDimm 6/131;49.009924;17.111592;Luminaire description;;DALYA S PLC 28W;;C039AR0054;28W;RVO 6;LumDimm 6/131;;Virtual;0;FALSE;
91;LUMINAIRE;LumDimm 6/133;49.009645;17.111402;Luminaire description;;DALYA S PLC 28W;;C039AR0054;28W;RVO 6;LumDimm 6/133;;Virtual;0;FALSE;
92;LUMINAIRE;LumDimm 6/136;49.007122;17.111587;Luminaire description;;DALYA M PLC 108W;;C039AN0677;108W;RVO 6;LumDimm 6/136;;Virtual;0;FALSE;
93;LUMINAIRE;LumDimm 6/203;49.005591;17.113029;Luminaire description;;DALYA M PLC 65W;;C039AN0679;65W;RVO 6;LumDimm 6/203;;Virtual;0;FALSE;
94;LUMINAIRE;LumDimm 6/204;49.005303;17.113457;Luminaire description;;DALYA M PLC 47W;;C039AN0678;47W;RVO 6;LumDimm 6/204;;Virtual;0;FALSE;
95;LUMINAIRE;LumDimm 6/205;49.005009;17.113865;Luminaire description;;DALYA M PLC 47W;;C039AN0678;47W;RVO 6;LumDimm 6/205;;Virtual;0;FALSE;
96;LUMINAIRE;LumDimm 6/206;49.004712;17.114278;Luminaire description;;DALYA M PLC 47W;;C039AN0678;47W;RVO 6;LumDimm 6/206;;Virtual;0;FALSE;
97;LUMINAIRE;LumDimm 6/207;49.004416;17.114692;Luminaire description;;DALYA M PLC 47W;;C039AN0678;47W;RVO 6;LumDimm 6/207;;Virtual;0;FALSE;
98;LUMINAIRE;LumDimm 6/208;49.004122;17.115105;Luminaire description;;DALYA M PLC 47W;;C039AN0678;47W;RVO 6;LumDimm 6/208;;Virtual;0;FALSE;
99;LUMINAIRE;LumDimm 6/209;49.003827;17.115515;Luminaire description;;DALYA M PLC 47W;;C039AN0678;47W;RVO 6;LumDimm 6/209;;Virtual;0;FALSE;
100;LUMINAIRE;LumDimm 6/210;49.003583;17.115864;Luminaire description;;DALYA M PLC 47W;;C039AN0678;47W;RVO 6;LumDimm 6/210;;Virtual;0;FALSE;
101;LUMINAIRE;LumDimm 6/213;49.005763;17.112255;Luminaire description;;DALYA M PLC 87W;;C039AN0680;87W;RVO 6;LumDimm 6/213;;Virtual;0;FALSE;
102;LUMINAIRE;LumDimm 6/214;49.005520;17.112191;Luminaire description;;DALYA M PLC 87W;;C039AN0680;87W;RVO 6;LumDimm 6/214;;Virtual;0;FALSE;
103;LUMINAIRE;LumDimm 6/215;49.005288;17.112068;Luminaire description;;DALYA M PLC 87W;;C039AN0680;87W;RVO 6;LumDimm 6/215;;Virtual;0;FALSE;
104;LUMINAIRE;LumDimm 6/216;49.005112;17.111897;Luminaire description;;DALYA M PLC 87W;;C039AN0680;87W;RVO 6;LumDimm 6/216;;Virtual;0;FALSE;
105;LUMINAIRE;LumDimm 6/217;49.004892;17.111569;Luminaire description;;DALYA M PLC 87W;;C039AN0680;87W;RVO 6;LumDimm 6/217;;Virtual;0;FALSE;
106;LUMINAIRE;LumDimm 6/218;49.004802;17.111198;Luminaire description;;DALYA M PLC 87W;;C039AN0680;87W;RVO 6;LumDimm 6/218;;Virtual;0;FALSE;
107;LUMINAIRE;LumDimm 12/008;49.013637;17.133724;Luminaire description;;DALYA S PLC 28W;;C039AR0054;28W;RVO 12;LumDimm 12/008;;Virtual;0;FALSE;
108;LUMINAIRE;LumDimm 12/009;49.013665;17.133391;Luminaire description;;DALYA S PLC 28W;;C039AR0054;28W;RVO 12;LumDimm 12/009;;Virtual;0;FALSE;
109;LUMINAIRE;LumDimm 12/010;49.013702;17.132993;Luminaire description;;DALYA S PLC 28W;;C039AR0054;28W;RVO 12;LumDimm 12/010;;Virtual;0;FALSE;
110;LUMINAIRE;LumDimm 12/011;49.013724;17.132651;Luminaire description;;DALYA S PLC 28W;;C039AR0054;28W;RVO 12;LumDimm 12/011;;Virtual;0;FALSE;
111;LUMINAIRE;LumDimm 12/012;49.013748;17.132348;Luminaire description;;DALYA S PLC 28W;;C039AR0054;28W;RVO 12;LumDimm 12/012;;Virtual;0;FALSE;
112;LUMINAIRE;LumDimm 12/013;49.013780;17.131960;Luminaire description;;DALYA S PLC 28W;;C039AR0054;28W;RVO 12;LumDimm 12/013;;Virtual;0;FALSE;
113;LUMINAIRE;LumDimm 12/014;49.013810;17.131643;Luminaire description;;DALYA S PLC 28W;;C039AR0054;28W;RVO 12;LumDimm 12/014;;Virtual;0;FALSE;
114;LUMINAIRE;LumDimm 12/015;49.013848;17.131273;Luminaire description;;DALYA S PLC 28W;;C039AR0054;28W;RVO 12;LumDimm 12/015;;Virtual;0;FALSE;
115;LUMINAIRE;LumDimm 13/045 A;49.012024;17.136591;Luminaire description;;DALYA M PLC 108W;;C039AN0677;108W;RVO 13;LumDimm 13/045 A;;Virtual;0;FALSE;
116;LUMINAIRE;LumDimm 13/045 B;49.012024;17.136591;Luminaire description;;DALYA M PLC 108W;;C039AN0677;108W;RVO 13;LumDimm 13/045 B;;Virtual;0;FALSE;
117;LUMINAIRE;LumDimm 13/045 C;49.012024;17.136591;Luminaire description;;DALYA M PLC 108W;;C039AN0677;108W;RVO 13;LumDimm 13/045 C;;Virtual;0;FALSE;
118;LUMINAIRE;LumDimm 13/046;49.011752;17.136419;Luminaire description;;DALYA M PLC 108W;;C039AN0677;108W;RVO 13;LumDimm 13/046;;Virtual;0;FALSE;
119;LUMINAIRE;LumDimm 13/047;49.011486;17.136250;Luminaire description;;DALYA M PLC 108W;;C039AN0677;108W;RVO 13;LumDimm 13/047;;Virtual;0;FALSE;
120;LUMINAIRE;LumDimm 13/048;49.011190;17.136063;Luminaire description;;DALYA M PLC 108W;;C039AN0677;108W;RVO 13;LumDimm 13/048;;Virtual;0;FALSE;
121;LUMINAIRE;LumDimm 13/049;49.010941;17.135908;Luminaire description;;DALYA M PLC 108W;;C039AN0677;108W;RVO 13;LumDimm 13/049;;Virtual;0;FALSE;
122;LUMINAIRE;LumDimm 13/050;49.012319;17.136778;Luminaire description;;DALYA M PLC 108W;;C039AN0677;108W;RVO 13;LumDimm 13/050;;Virtual;0;FALSE;
123;LUMINAIRE;LumDimm 13/052;49.012601;17.136957;Luminaire description;;DALYA M PLC 108W;;C039AN0677;108W;RVO 13;LumDimm 13/052;;Virtual;0;FALSE;
124;LUMINAIRE;LumDimm 13/053;49.012886;17.137145;Luminaire description;;DALYA M PLC 108W;;C039AN0677;108W;RVO 13;LumDimm 13/053;;Virtual;0;FALSE;
125;LUMINAIRE;LumDimm 13/054;49.013152;17.137370;Luminaire description;;DALYA M PLC 108W;;C039AN0677;108W;RVO 13;LumDimm 13/054;;Virtual;0;FALSE;
126;LUMINAIRE;LumDimm 13/055;49.013400;17.137622;Luminaire description;;DALYA M PLC 108W;;C039AN0677;108W;RVO 13;LumDimm 13/055;;Virtual;0;FALSE;
127;LUMINAIRE;LumDimm 13/056;49.013643;17.137888;Luminaire description;;DALYA M PLC 108W;;C039AN0677;108W;RVO 13;LumDimm 13/056;;Virtual;0;FALSE;
128;LUMINAIRE;LumDimm 13/057 A;49.013892;17.138102;Luminaire description;;DALYA M PLC 108W;;C039AN0677;108W;RVO 13;LumDimm 13/057 A;;Virtual;0;FALSE;
129;LUMINAIRE;LumDimm 13/057 B;49.013892;17.138102;Luminaire description;;DALYA M PLC 87W;;C039AN0685;87W;RVO 13;LumDimm 13/057 B;;Virtual;0;FALSE;
130;LUMINAIRE;LumDimm 13/074 A;49.014890;17.134611;Luminaire description;;DALYA M PLC 87W;;C039AN0685;87W;RVO 13;LumDimm 13/074 A;;Virtual;0;FALSE;
131;LUMINAIRE;LumDimm 13/074 B;49.014890;17.134611;Luminaire description;;DALYA M PLC 87W;;C039AN0685;87W;RVO 13;LumDimm 13/074 B;;Virtual;0;FALSE;
132;LUMINAIRE;LumDimm 13/075;49.014797;17.134972;Luminaire description;;DALYA M PLC 87W;;C039AN0685;87W;RVO 13;LumDimm 13/075;;Virtual;0;FALSE;
133;LUMINAIRE;LumDimm 13/076;49.014726;17.135322;Luminaire description;;DALYA M PLC 87W;;C039AN0685;87W;RVO 13;LumDimm 13/076;;Virtual;0;FALSE;
134;LUMINAIRE;LumDimm 13/077;49.014631;17.135776;Luminaire description;;DALYA M PLC 87W;;C039AN0685;87W;RVO 13;LumDimm 13/077;;Virtual;0;FALSE;
135;LUMINAIRE;LumDimm 13/080;49.014544;17.136189;Luminaire description;;DALYA M PLC 87W;;C039AN0685;87W;RVO 13;LumDimm 13/080;;Virtual;0;FALSE;
136;LUMINAIRE;LumDimm 13/081;49.014430;17.136603;Luminaire description;;DALYA M PLC 87W;;C039AN0685;87W;RVO 13;LumDimm 13/081;;Virtual;0;FALSE;
137;LUMINAIRE;LumDimm 13/084;49.014307;17.136963;Luminaire description;;DALYA M PLC 87W;;C039AN0685;87W;RVO 13;LumDimm 13/084;;Virtual;0;FALSE;
138;LUMINAIRE;LumDimm 13/087;49.014160;17.137376;Luminaire description;;DALYA M PLC 87W;;C039AN0685;87W;RVO 13;LumDimm 13/087;;Virtual;0;FALSE;
139;LUMINAIRE;LumDimm 13/088;49.014050;17.137681;Luminaire description;;DALYA M PLC 87W;;C039AN0685;87W;RVO 13;LumDimm 13/088;;Virtual;0;FALSE;
140;LUMINAIRE;LumDimm 13/095;49.014640;17.137824;Luminaire description;;DALYA S PLC 28W;;C039AR0055;28W;RVO 13;LumDimm 13/095;;Virtual;0;FALSE;
141;LUMINAIRE;LumDimm 13/096;49.014780;17.137885;Luminaire description;;DALYA S PLC 28W;;C039AR0055;28W;RVO 13;LumDimm 13/096;;Virtual;0;FALSE;
142;LUMINAIRE;LumDimm 13/097;49.015004;17.137987;Luminaire description;;DALYA S PLC 28W;;C039AR0055;28W;RVO 13;LumDimm 13/097;;Virtual;0;FALSE;
143;LUMINAIRE;LumDimm 13/098;49.015187;17.138073;Luminaire description;;DALYA S PLC 28W;;C039AR0055;28W;RVO 13;LumDimm 13/098;;Virtual;0;FALSE;
144;LUMINAIRE;LumDimm 13/099;49.015398;17.138172;Luminaire description;;DALYA S PLC 28W;;C039AR0055;28W;RVO 13;LumDimm 13/099;;Virtual;0;FALSE;
145;LUMINAIRE;LumDimm 13/100;49.015563;17.138256;Luminaire description;;DALYA S PLC 28W;;C039AR0055;28W;RVO 13;LumDimm 13/100;;Virtual;0;FALSE;
146;LUMINAIRE;LumDimm 13/101;49.015766;17.138344;Luminaire description;;DALYA S PLC 28W;;C039AR0055;28W;RVO 13;LumDimm 13/101;;Virtual;0;FALSE;
147;LUMINAIRE;LumDimm 13/102;49.015982;17.138442;Luminaire description;;DALYA S PLC 28W;;C039AR0055;28W;RVO 13;LumDimm 13/102;;Virtual;0;FALSE;
148;LUMINAIRE;LumDimm 13/103;49.016133;17.138513;Luminaire description;;DALYA S PLC 28W;;C039AR0055;28W;RVO 13;LumDimm 13/103;;Virtual;0;FALSE;
149;LUMINAIRE;LumDimm 13/116;49.010434;17.135596;Luminaire description;;DALYA M PLC 108W;;C039AN0677;108W;RVO 13;LumDimm 13/116;;Virtual;0;FALSE;
150;LUMINAIRE;LumDimm 13/117;49.010184;17.135439;Luminaire description;;DALYA M PLC 108W;;C039AN0677;108W;RVO 13;LumDimm 13/117;;Virtual;0;FALSE;
151;LUMINAIRE;LumDimm 13/118;49.009615;17.135066;Luminaire description;;DALYA M PLC 108W;;C039AN0677;108W;RVO 13;LumDimm 13/118;;Virtual;0;FALSE;
152;LUMINAIRE;LumDimm 13/119;49.009408;17.134912;Luminaire description;;DALYA M PLC 108W;;C039AN0677;108W;RVO 13;LumDimm 13/119;;Virtual;0;FALSE;
153;LUMINAIRE;LumDimm 13/120;49.009201;17.134755;Luminaire description;;DALYA M PLC 108W;;C039AN0677;108W;RVO 13;LumDimm 13/120;;Virtual;0;FALSE;
154;LUMINAIRE;LumDimm 13/121;49.008992;17.134588;Luminaire description;;DALYA M PLC 108W;;C039AN0677;108W;RVO 13;LumDimm 13/121;;Virtual;0;FALSE;
155;LUMINAIRE;LumDimm 13/122;49.008786;17.134411;Luminaire description;;DALYA M PLC 108W;;C039AN0677;108W;RVO 13;LumDimm 13/122;;Virtual;0;FALSE;
156;LUMINAIRE;LumDimm 13/123;49.008579;17.134240;Luminaire description;;DALYA M PLC 108W;;C039AN0677;108W;RVO 13;LumDimm 13/123;;Virtual;0;FALSE;
157;LUMINAIRE;LumDimm 13/124;49.008389;17.134064;Luminaire description;;DALYA M PLC 108W;;C039AN0677;108W;RVO 13;LumDimm 13/124;;Virtual;0;FALSE;
158;LUMINAIRE;LumDimm 13/125;49.008195;17.133857;Luminaire description;;DALYA M PLC 108W;;C039AN0677;108W;RVO 13;LumDimm 13/125;;Virtual;0;FALSE;
159;LUMINAIRE;LumDimm 13/126;49.007959;17.133391;Luminaire description;;DALYA M PLC 108W;;C039AN0677;108W;RVO 13;LumDimm 13/126;;Virtual;0;FALSE;
160;LUMINAIRE;LumDimm 13/127;49.007925;17.132908;Luminaire description;;DALYA M PLC 108W;;C039AN0677;108W;RVO 13;LumDimm 13/127;;Virtual;0;FALSE;
161;LUMINAIRE;LumDimm 13/128;49.007909;17.132581;Luminaire description;;DALYA M PLC 108W;;C039AN0677;108W;RVO 13;LumDimm 13/128;;Virtual;0;FALSE;
162;LUMINAIRE;LumDimm 13/129;49.007889;17.132302;Luminaire description;;DALYA M PLC 108W;;C039AN0677;108W;RVO 13;LumDimm 13/129;;Virtual;0;FALSE;
163;LUMINAIRE;LumDimm 13/132;49.007856;17.132031;Luminaire description;;DALYA M PLC 108W;;C039AN0677;108W;RVO 13;LumDimm 13/132;;Virtual;0;FALSE;
164;LUMINAIRE;LumDimm 13/133;49.007827;17.131771;Luminaire description;;DALYA M PLC 108W;;C039AN0677;108W;RVO 13;LumDimm 13/133;;Virtual;0;FALSE;
165;LUMINAIRE;LumDimm 13/134;49.007733;17.131568;Luminaire description;;DALYA M PLC 65W;;C039AN0684;65W;RVO 13;LumDimm 13/134;;Virtual;0;FALSE;
166;LUMINAIRE;LumDimm 13/135;49.007656;17.131244;Luminaire description;;DALYA M PLC 65W;;C039AN0684;65W;RVO 13;LumDimm 13/135;;Virtual;0;FALSE;
167;LUMINAIRE;LumDimm 13/136;49.007959;17.131562;Luminaire description;;DALYA M PLC 65W;;C039AN0684;65W;RVO 13;LumDimm 13/136;;Virtual;0;FALSE;
168;LUMINAIRE;LumDimm 13/139;49.008041;17.131275;Luminaire description;;DALYA M PLC 65W;;C039AN0684;65W;RVO 13;LumDimm 13/139;;Virtual;0;FALSE;
169;LUMINAIRE;LumDimm 15/001;49.018260;17.133858;Luminaire description;;DALYA M PLC 87W;;C039AN0685;87W;RVO 15;LumDimm 15/001;;Virtual;0;FALSE;
170;LUMINAIRE;LumDimm 15/002;49.018004;17.134154;Luminaire description;;DALYA M PLC 87W;;C039AN0685;87W;RVO 15;LumDimm 15/002;;Virtual;0;FALSE;
171;LUMINAIRE;LumDimm 15/003;49.017790;17.134365;Luminaire description;;DALYA M PLC 87W;;C039AN0685;87W;RVO 15;LumDimm 15/003;;Virtual;0;FALSE;
172;LUMINAIRE;LumDimm 15/004;49.017553;17.134562;Luminaire description;;DALYA M PLC 87W;;C039AN0685;87W;RVO 15;LumDimm 15/004;;Virtual;0;FALSE;
173;LUMINAIRE;LumDimm 15/005;49.017312;17.134759;Luminaire description;;DALYA M PLC 87W;;C039AN0685;87W;RVO 15;LumDimm 15/005;;Virtual;0;FALSE;
174;LUMINAIRE;LumDimm 15/006;49.016996;17.134980;Luminaire description;;DALYA M PLC 87W;;C039AN0685;87W;RVO 15;LumDimm 15/006;;Virtual;0;FALSE;
175;LUMINAIRE;LumDimm 15/007;49.016761;17.135104;Luminaire description;;DALYA M PLC 87W;;C039AN0685;87W;RVO 15;LumDimm 15/007;;Virtual;0;FALSE;
176;LUMINAIRE;LumDimm 15/008;49.016513;17.135138;Luminaire description;;DALYA M PLC 87W;;C039AN0685;87W;RVO 15;LumDimm 15/008;;Virtual;0;FALSE;
177;LUMINAIRE;LumDimm 15/009;49.016250;17.135062;Luminaire description;;DALYA M PLC 87W;;C039AN0685;87W;RVO 15;LumDimm 15/009;;Virtual;0;FALSE;
178;LUMINAIRE;LumDimm 15/010;49.015965;17.134929;Luminaire description;;DALYA M PLC 87W;;C039AN0685;87W;RVO 15;LumDimm 15/010;;Virtual;0;FALSE;
179;LUMINAIRE;LumDimm 15/011;49.015704;17.134807;Luminaire description;;DALYA M PLC 87W;;C039AN0685;87W;RVO 15;LumDimm 15/011;;Virtual;0;FALSE;
180;LUMINAIRE;LumDimm 15/012;49.015464;17.134645;Luminaire description;;DALYA M PLC 87W;;C039AN0685;87W;RVO 15;LumDimm 15/012;;Virtual;0;FALSE;
181;LUMINAIRE;LumDimm 15/013;49.015232;17.134491;Luminaire description;;DALYA M PLC 87W;;C039AN0685;87W;RVO 15;LumDimm 15/013;;Virtual;0;FALSE;
182;LUMINAIRE;LumDimm 15/033;49.017326;17.134259;Luminaire description;;DALYA S PLC 28W;;C039AR0055;28W;RVO 15;LumDimm 15/033;;Virtual;0;FALSE;
183;LUMINAIRE;LumDimm 15/034;49.017523;17.133990;Luminaire description;;DALYA S PLC 28W;;C039AR0055;28W;RVO 15;LumDimm 15/034;;Virtual;0;FALSE;
184;LUMINAIRE;LumDimm 15/035;49.017766;17.133661;Luminaire description;;DALYA S PLC 28W;;C039AR0055;28W;RVO 15;LumDimm 15/035;;Virtual;0;FALSE;
185;LUMINAIRE;LumDimm 15/036;49.017890;17.133491;Luminaire description;;DALYA S PLC 28W;;C039AR0055;28W;RVO 15;LumDimm 15/036;;Virtual;0;FALSE;
186;LUMINAIRE;LumDimm 15/037;49.018112;17.133194;Luminaire description;;DALYA S PLC 28W;;C039AR0055;28W;RVO 15;LumDimm 15/037;;Virtual;0;FALSE;
187;LUMINAIRE;LumDimm 15/038;49.018322;17.132902;Luminaire description;;DALYA S PLC 28W;;C039AR0055;28W;RVO 15;LumDimm 15/038;;Virtual;0;FALSE;
188;LUMINAIRE;LumDimm 15/039;49.018563;17.132575;Luminaire description;;DALYA S PLC 28W;;C039AR0055;28W;RVO 15;LumDimm 15/039;;Virtual;0;FALSE;
189;LUMINAIRE;LumDimm 15/040;49.018416;17.132001;Luminaire description;;DALYA S PLC 28W;;C039AR0055;28W;RVO 15;LumDimm 15/040;;Virtual;0;FALSE;
190;LUMINAIRE;LumDimm 15/041;49.018306;17.131359;Luminaire description;;DALYA S PLC 28W;;C039AR0055;28W;RVO 15;LumDimm 15/041;;Virtual;0;FALSE;
191;LUMINAIRE;LumDimm 15/042;49.018666;17.131332;Luminaire description;;DALYA S PLC 28W;;C039AR0055;28W;RVO 15;LumDimm 15/042;;Virtual;0;FALSE;
192;LUMINAIRE;LumDimm 15/043;49.018525;17.130942;Luminaire description;;DALYA S PLC 28W;;C039AR0055;28W;RVO 15;LumDimm 15/043;;Virtual;0;FALSE;
193;LUMINAIRE;LumDimm 15/044;49.017927;17.131654;Luminaire description;;DALYA S PLC 28W;;C039AR0055;28W;RVO 15;LumDimm 15/044;;Virtual;0;FALSE;
194;LUMINAIRE;LumDimm 15/045;49.017686;17.131849;Luminaire description;;DALYA S PLC 28W;;C039AR0055;28W;RVO 15;LumDimm 15/045;;Virtual;0;FALSE;
195;LUMINAIRE;LumDimm 15/046;49.017474;17.132156;Luminaire description;;DALYA S PLC 28W;;C039AR0055;28W;RVO 15;LumDimm 15/046;;Virtual;0;FALSE;
196;LUMINAIRE;LumDimm 15/047;49.017319;17.131982;Luminaire description;;DALYA S PLC 28W;;C039AR0055;28W;RVO 15;LumDimm 15/047;;Virtual;0;FALSE;
197;LUMINAIRE;LumDimm 15/048;49.017158;17.131787;Luminaire description;;DALYA S PLC 28W;;C039AR0055;28W;RVO 15;LumDimm 15/048;;Virtual;0;FALSE;
198;LUMINAIRE;LumDimm 15/049;49.017122;17.131973;Luminaire description;;DALYA S PLC 28W;;C039AR0055;28W;RVO 15;LumDimm 15/049;;Virtual;0;FALSE;
199;LUMINAIRE;LumDimm 15/050;49.017092;17.132271;Luminaire description;;DALYA S PLC 28W;;C039AR0055;28W;RVO 15;LumDimm 15/050;;Virtual;0;FALSE;
200;LUMINAIRE;LumDimm 15/051;49.017406;17.132369;Luminaire description;;DALYA S PLC 28W;;C039AR0055;28W;RVO 15;LumDimm 15/051;;Virtual;0;FALSE;
201;LUMINAIRE;LumDimm 15/052;49.017646;17.132487;Luminaire description;;DALYA S PLC 28W;;C039AR0055;28W;RVO 15;LumDimm 15/052;;Virtual;0;FALSE;
202;LUMINAIRE;LumDimm 15/053;49.017824;17.132574;Luminaire description;;DALYA S PLC 28W;;C039AR0055;28W;RVO 15;LumDimm 15/053;;Virtual;0;FALSE;
203;LUMINAIRE;LumDimm 15/058;49.018390;17.133668;Luminaire description;;DALYA M PLC 87W;;C039AN0685;87W;RVO 15;LumDimm 15/058;;Virtual;0;FALSE;
204;LUMINAIRE;LumDimm 15/059;49.018666;17.133280;Luminaire description;;DALYA M PLC 87W;;C039AN0685;87W;RVO 15;LumDimm 15/059;;Virtual;0;FALSE;
205;LUMINAIRE;LumDimm 15/060;49.018854;17.133012;Luminaire description;;DALYA M PLC 87W;;C039AN0685;87W;RVO 15;LumDimm 15/060;;Virtual;0;FALSE;
206;LUMINAIRE;LumDimm 15/061;49.019075;17.132717;Luminaire description;;DALYA M PLC 87W;;C039AN0685;87W;RVO 15;LumDimm 15/061;;Virtual;0;FALSE;
207;LUMINAIRE;LumDimm 15/063;49.019463;17.131360;Luminaire description;;DALYA M PLC 87W;;C039AN0685;87W;RVO 15;LumDimm 15/063;;Virtual;0;FALSE;
208;LUMINAIRE;LumDimm 15/064;49.019471;17.130799;Luminaire description;;DALYA M PLC 87W;;C039AN0685;87W;RVO 15;LumDimm 15/064;;Virtual;0;FALSE;
209;LUMINAIRE;LumDimm 15/065;49.019442;17.130311;Luminaire description;;DALYA M PLC 87W;;C039AN0685;87W;RVO 15;LumDimm 15/065;;Virtual;0;FALSE;
210;LUMINAIRE;LumDimm 15/066;49.019400;17.129992;Luminaire description;;DALYA M PLC 87W;;C039AN0685;87W;RVO 15;LumDimm 15/066;;Virtual;0;FALSE;
211;LUMINAIRE;LumDimm 15/067;49.019331;17.129632;Luminaire description;;DALYA M PLC 87W;;C039AN0685;87W;RVO 15;LumDimm 15/067;;Virtual;0;FALSE;
212;LUMINAIRE;LumDimm 15/068;49.019233;17.129260;Luminaire description;;DALYA M PLC 87W;;C039AN0685;87W;RVO 15;LumDimm 15/068;;Virtual;0;FALSE;
213;LUMINAIRE;LumDimm 15/069;49.019043;17.128747;Luminaire description;;DALYA M PLC 87W;;C039AN0685;87W;RVO 15;LumDimm 15/069;;Virtual;0;FALSE;
214;LUMINAIRE;LumDimm 15/072;49.018926;17.128134;Luminaire description;;DALYA M PLC 87W;;C039AN0685;87W;RVO 15;LumDimm 15/072;;Virtual;0;FALSE;
215;LUMINAIRE;LumDimm 15/073;49.018593;17.127624;Luminaire description;;DALYA M PLC 87W;;C039AN0685;87W;RVO 15;LumDimm 15/073;;Virtual;0;FALSE;
216;LUMINAIRE;LumDimm 15/074;49.018398;17.127224;Luminaire description;;DALYA M PLC 87W;;C039AN0685;87W;RVO 15;LumDimm 15/074;;Virtual;0;FALSE;
217;LUMINAIRE;LumDimm 15/075;49.018192;17.127003;Luminaire description;;DALYA M PLC 87W;;C039AN0685;87W;RVO 15;LumDimm 15/075;;Virtual;0;FALSE;
218;LUMINAIRE;LumDimm 15/076;49.018013;17.126535;Luminaire description;;DALYA M PLC 87W;;C039AN0685;87W;RVO 15;LumDimm 15/076;;Virtual;0;FALSE;
219;LUMINAIRE;LumDimm 15/077;49.017960;17.125963;Luminaire description;;DALYA M PLC 87W;;C039AN0685;87W;RVO 15;LumDimm 15/077;;Virtual;0;FALSE;
220;LUMINAIRE;LumDimm 15/078;49.017975;17.125418;Luminaire description;;DALYA M PLC 87W;;C039AN0685;87W;RVO 15;LumDimm 15/078;;Virtual;0;FALSE;
221;LUMINAIRE;LumDimm 15/079;49.017992;17.124899;Luminaire description;;DALYA M PLC 87W;;C039AN0685;87W;RVO 15;LumDimm 15/079;;Virtual;0;FALSE;
222;LUMINAIRE;LumDimm 15/084;49.019439;17.132280;Luminaire description;;DALYA M PLC 87W;;C039AN0685;87W;RVO 15;LumDimm 15/084;;Virtual;0;FALSE;
223;LUMINAIRE;LumDimm 15/085;49.019526;17.131733;Luminaire description;;DALYA M PLC 87W;;C039AN0685;87W;RVO 15;LumDimm 15/085;;Virtual;0;FALSE;
224;LUMINAIRE;LumDimm 15/086;49.019545;17.131007;Luminaire description;;DALYA M PLC 87W;;C039AN0685;87W;RVO 15;LumDimm 15/086;;Virtual;0;FALSE;
225;LUMINAIRE;LumDimm 15/092;49.017594;17.132942;Luminaire description;;DALYA S PLC 28W;;C039AR0055;28W;RVO 15;LumDimm 15/092;;Virtual;0;FALSE;
226;LUMINAIRE;LumDimm 15/093;49.017267;17.133385;Luminaire description;;DALYA S PLC 28W;;C039AR0055;28W;RVO 15;LumDimm 15/093;;Virtual;0;FALSE;
227;LUMINAIRE;LumDimm 15/094;49.017040;17.131437;Luminaire description;;DALYA S PLC 28W;;C039AR0055;28W;RVO 15;LumDimm 15/094;;Virtual;0;FALSE;
228;LUMINAIRE;LumDimm 15/095;49.017144;17.131580;Luminaire description;;DALYA S PLC 28W;;C039AR0055;28W;RVO 15;LumDimm 15/095;;Virtual;0;FALSE;
229;LUMINAIRE;LumDimm 15/096;49.017340;17.131395;Luminaire description;;DALYA S PLC 28W;;C039AR0055;28W;RVO 15;LumDimm 15/096;;Virtual;0;FALSE;
230;LUMINAIRE;LumDimm 15/097;49.016956;17.131271;Luminaire description;;DALYA S PLC 28W;;C039AR0055;28W;RVO 15;LumDimm 15/097;;Virtual;0;FALSE;
231;LUMINAIRE;LumDimm 15/098;49.017493;17.131279;Luminaire description;;DALYA S PLC 28W;;C039AR0055;28W;RVO 15;LumDimm 15/098;;Virtual;0;FALSE;
232;LUMINAIRE;LumDimm 15/099;49.017697;17.131083;Luminaire description;;DALYA S PLC 28W;;C039AR0055;28W;RVO 15;LumDimm 15/099;;Virtual;0;FALSE;
233;LUMINAIRE;LumDimm 15/102 A;49.018783;17.128380;Luminaire description;;DALYA M PLC 87W;;C039AN0685;87W;RVO 15;LumDimm 15/102 A;;Virtual;0;FALSE;
234;LUMINAIRE;LumDimm 15/102 B;49.018783;17.128380;Luminaire description;;DALYA M PLC 87W;;C039AN0685;87W;RVO 15;LumDimm 15/102 B;;Virtual;0;FALSE;
235;LUMINAIRE;LumDimm 17/001;49.018259;17.129407;Luminaire description;;DALYA S PLC 28W;;C039AR0053;28W;RVO 17;LumDimm 17/001;;Virtual;0;FALSE;
236;LUMINAIRE;LumDimm 17/002;49.018320;17.129003;Luminaire description;;DALYA S PLC 28W;;C039AR0053;28W;RVO 17;LumDimm 17/002;;Virtual;0;FALSE;
237;LUMINAIRE;LumDimm 17/004;49.018162;17.128408;Luminaire description;;DALYA M PLC 40W;;C039AN0682;40W;RVO 17;LumDimm 17/004;;Virtual;0;FALSE;
238;LUMINAIRE;LumDimm 17/005;49.017884;17.128372;Luminaire description;;DALYA M PLC 40W;;C039AN0682;40W;RVO 17;LumDimm 17/005;;Virtual;0;FALSE;
239;LUMINAIRE;LumDimm 17/006;49.017583;17.128331;Luminaire description;;DALYA M PLC 40W;;C039AN0682;40W;RVO 17;LumDimm 17/006;;Virtual;0;FALSE;
240;LUMINAIRE;LumDimm 17/007;49.017281;17.128291;Luminaire description;;DALYA M PLC 40W;;C039AN0682;40W;RVO 17;LumDimm 17/007;;Virtual;0;FALSE;
241;LUMINAIRE;LumDimm 17/008;49.016949;17.128252;Luminaire description;;DALYA M PLC 40W;;C039AN0682;40W;RVO 17;LumDimm 17/008;;Virtual;0;FALSE;
242;LUMINAIRE;LumDimm 17/009;49.016682;17.128211;Luminaire description;;DALYA M PLC 40W;;C039AN0682;40W;RVO 17;LumDimm 17/009;;Virtual;0;FALSE;
243;LUMINAIRE;LumDimm 17/010;49.016370;17.128170;Luminaire description;;DALYA M PLC 40W;;C039AN0682;40W;RVO 17;LumDimm 17/010;;Virtual;0;FALSE;
244;LUMINAIRE;LumDimm 17/012;49.015990;17.127922;Luminaire description;;DALYA M PLC 65W;;C039AN0683;65W;RVO 17;LumDimm 17/012;;Virtual;0;FALSE;
245;LUMINAIRE;LumDimm 17/013;49.015994;17.127528;Luminaire description;;DALYA M PLC 65W;;C039AN0683;65W;RVO 17;LumDimm 17/013;;Virtual;0;FALSE;
246;LUMINAIRE;LumDimm 17/014;49.015999;17.127138;Luminaire description;;DALYA M PLC 65W;;C039AN0683;65W;RVO 17;LumDimm 17/014;;Virtual;0;FALSE;
247;LUMINAIRE;LumDimm 17/015;49.015902;17.127032;Luminaire description;;DALYA S PLC 28W;;C039AR0055;28W;RVO 17;LumDimm 17/015;;Virtual;0;FALSE;
248;LUMINAIRE;LumDimm 17/017;49.015907;17.126725;Luminaire description;;DALYA S PLC 28W;;C039AR0055;28W;RVO 17;LumDimm 17/017;;Virtual;0;FALSE;
249;LUMINAIRE;LumDimm 17/018;49.015742;17.126431;Luminaire description;;DALYA S PLC 28W;;C039AR0055;28W;RVO 17;LumDimm 17/018;;Virtual;0;FALSE;
250;LUMINAIRE;LumDimm 17/019;49.016003;17.126747;Luminaire description;;DALYA M PLC 65W;;C039AN0683;65W;RVO 17;LumDimm 17/019;;Virtual;0;FALSE;
251;LUMINAIRE;LumDimm 17/020;49.016008;17.126358;Luminaire description;;DALYA M PLC 65W;;C039AN0683;65W;RVO 17;LumDimm 17/020;;Virtual;0;FALSE;
252;LUMINAIRE;LumDimm 17/021;49.016235;17.126335;Luminaire description;;DALYA M PLC 65W;;C039AN0679;65W;RVO 17;LumDimm 17/021;;Virtual;0;FALSE;
253;LUMINAIRE;LumDimm 17/022;49.016507;17.126338;Luminaire description;;DALYA M PLC 65W;;C039AN0679;65W;RVO 17;LumDimm 17/022;;Virtual;0;FALSE;
254;LUMINAIRE;LumDimm 17/023;49.016522;17.126669;Luminaire description;;DALYA S PLC 28W;;C039AR0055;28W;RVO 17;LumDimm 17/023;;Virtual;0;FALSE;
255;LUMINAIRE;LumDimm 17/024;49.016443;17.126944;Luminaire description;;DALYA S PLC 28W;;C039AR0055;28W;RVO 17;LumDimm 17/024;;Virtual;0;FALSE;
256;LUMINAIRE;LumDimm 17/025;49.016774;17.126344;Luminaire description;;DALYA M PLC 65W;;C039AN0679;65W;RVO 17;LumDimm 17/025;;Virtual;0;FALSE;
257;LUMINAIRE;LumDimm 17/026;49.016867;17.126674;Luminaire description;;DALYA S PLC 28W;;C039AR0055;28W;RVO 17;LumDimm 17/026;;Virtual;0;FALSE;
258;LUMINAIRE;LumDimm 17/027;49.016796;17.126955;Luminaire description;;DALYA S PLC 28W;;C039AR0055;28W;RVO 17;LumDimm 17/027;;Virtual;0;FALSE;
259;LUMINAIRE;LumDimm 17/028;49.017037;17.126363;Luminaire description;;DALYA M PLC 65W;;C039AN0679;65W;RVO 17;LumDimm 17/028;;Virtual;0;FALSE;
260;LUMINAIRE;LumDimm 17/029;49.017298;17.126480;Luminaire description;;DALYA M PLC 65W;;C039AN0679;65W;RVO 17;LumDimm 17/029;;Virtual;0;FALSE;
261;LUMINAIRE;LumDimm 17/030;49.017443;17.126606;Luminaire description;;DALYA M PLC 65W;;C039AN0679;65W;RVO 17;LumDimm 17/030;;Virtual;0;FALSE;
262;LUMINAIRE;LumDimm 17/031;49.017229;17.126776;Luminaire description;;DALYA S PLC 28W;;C039AR0055;28W;RVO 17;LumDimm 17/031;;Virtual;0;FALSE;
263;LUMINAIRE;LumDimm 17/032;49.017154;17.126977;Luminaire description;;DALYA S PLC 28W;;C039AR0055;28W;RVO 17;LumDimm 17/032;;Virtual;0;FALSE;
264;LUMINAIRE;LumDimm 17/045;49.015574;17.131271;Luminaire description;;DALYA M PLC 25W;;C039AN0681;25W;RVO 17;LumDimm 17/045;;Virtual;0;FALSE;
265;LUMINAIRE;LumDimm 17/046;49.015259;17.131107;Luminaire description;;DALYA M PLC 25W;;C039AN0681;25W;RVO 17;LumDimm 17/046;;Virtual;0;FALSE;
266;LUMINAIRE;LumDimm 17/047;49.014952;17.130972;Luminaire description;;DALYA M PLC 25W;;C039AN0681;25W;RVO 17;LumDimm 17/047;;Virtual;0;FALSE;
267;LUMINAIRE;LumDimm 17/048;49.014615;17.130917;Luminaire description;;DALYA M PLC 25W;;C039AN0681;25W;RVO 17;LumDimm 17/048;;Virtual;0;FALSE;
268;LUMINAIRE;LumDimm 17/049;49.014316;17.130871;Luminaire description;;DALYA M PLC 25W;;C039AN0681;25W;RVO 17;LumDimm 17/049;;Virtual;0;FALSE;
269;LUMINAIRE;LumDimm 17/050 A;49.013923;17.130825;Luminaire description;;DALYA M PLC 25W;;C039AN0681;25W;RVO 17;LumDimm 17/050 A;;Virtual;0;FALSE;
270;LUMINAIRE;LumDimm 17/050 B;49.013923;17.130825;Luminaire description;;DALYA M PLC 25W;;C039AN0681;25W;RVO 17;LumDimm 17/050 B;;Virtual;0;FALSE;
271;LUMINAIRE;LumDimm 17/092;49.017839;17.130308;Luminaire description;;DALYA S PLC 28W;;C039AR0053;28W;RVO 17;LumDimm 17/092;;Virtual;0;FALSE;
272;LUMINAIRE;LumDimm 17/093;49.018097;17.130100;Luminaire description;;DALYA S PLC 28W;;C039AR0053;28W;RVO 17;LumDimm 17/093;;Virtual;0;FALSE;
273;LUMINAIRE;LumDimm 17/094;49.018201;17.129785;Luminaire description;;DALYA S PLC 28W;;C039AR0053;28W;RVO 17;LumDimm 17/094;;Virtual;0;FALSE;
274;LUMINAIRE;LumDimm 17/095;49.017909;17.129663;Luminaire description;;DALYA S PLC 28W;;C039AR0053;28W;RVO 17;LumDimm 17/095;;Virtual;0;FALSE;
275;LUMINAIRE;LumDimm 17/096;49.0161;17.12595;Luminaire description;;DALYA M PLC 65W;;C039AN0683;65W;RVO 17;LumDimm 17/096;;Virtual;0;FALSE;
276;LUMINAIRE;LumDimm 17/097;49.01612;17.12563;Luminaire description;;DALYA M PLC 65W;;C039AN0683;65W;RVO 17;LumDimm 17/097;;Virtual;0;FALSE;
277;LUMINAIRE;LumDimm 17/098;49.01614;17.12532;Luminaire description;;DALYA M PLC 65W;;C039AN0683;65W;RVO 17;LumDimm 17/098;;Virtual;0;FALSE;
278;LUMINAIRE;LumDimm 17/059;49.016177;17.131334;Luminaire description;;DALYA M PLC 28W;;C039AR0055;28W;RVO 17;LumDimm 17/059;;Virtual;0;FALSE;
279;LUMINAIRE;LumDimm 17/060;49.016370;17.131372;Luminaire description;;DALYA M PLC 28W;;C039AR0055;28W;RVO 17;LumDimm 17/060;;Virtual;0;FALSE;
280;LUMINAIRE;LumDimm 17/061;49.016614;17.131426;Luminaire description;;DALYA M PLC 28W;;C039AR0055;28W;RVO 17;LumDimm 17/061;;Virtual;0;FALSE;
281;LUMINAIRE;LumDimm 2/030;49.00611487;17.12994668;Luminaire description;;DALYA M PLC 65W;;H039AN0693;65W;RVO 2;LumDimm 2/030;;Virtual;0;FALSE;
282;LUMINAIRE;LumDimm 2/031;49.00640102;17.12986702;Luminaire description;;DALYA M PLC 65W;;H039AN0693;65W;RVO 2;LumDimm 2/031;;Virtual;0;FALSE;
283;LUMINAIRE;LumDimm 2/032;49.00648379;17.12978632;Luminaire description;;DALYA M PLC 47W;;C039AN0694;47W;RVO 2;LumDimm 2/032;;Virtual;0;FALSE;
284;LUMINAIRE;LumDimm 2/033;49.00662241;17.12992181;Luminaire description;;DALYA M PLC 47W;;C039AN0694;47W;RVO 2;LumDimm 2/033;;Virtual;0;FALSE;
285;LUMINAIRE;LumDimm 2/034;49.00662574;17.13001047;Luminaire description;;DALYA M PLC 65W;;H039AN0693;65W;RVO 2;LumDimm 2/034;;Virtual;0;FALSE;
286;LUMINAIRE;LumDimm 2/035;49.00690301;17.13032199;Luminaire description;;DALYA M PLC 65W;;H039AN0693;65W;RVO 2;LumDimm 2/035;;Virtual;0;FALSE;
287;LUMINAIRE;LumDimm 2/036;49.00654502;17.13032803;Luminaire description;;DALYA M PLC 65W;;H039AN0693;65W;RVO 2;LumDimm 2/036;;Virtual;0;FALSE;
288;LUMINAIRE;LumDimm 2/037A;49.00632801;17.13046901;Luminaire description;;DALYA M PLC 65W;;H039AN0693;65W;RVO 2;LumDimm 2/037A;;Virtual;0;FALSE;
289;LUMINAIRE;LumDimm 2/037B;49.00632399;17.13050304;Luminaire description;;DALYA M PLC 65W;;H039AN0693;65W;RVO 2;LumDimm 2/037B;;Virtual;0;FALSE;
290;LUMINAIRE;LumDimm 2/038;49.00607203;17.13054897;Luminaire description;;DALYA M PLC 65W;;H039AN0693;65W;RVO 2;LumDimm 2/038;;Virtual;0;FALSE;
291;LUMINAIRE;LumDimm 2/039A;49.00581898;17.13046096;Luminaire description;;DALYA M PLC 65W;;H039AN0693;65W;RVO 2;LumDimm 2/039A;;Virtual;0;FALSE;
292;LUMINAIRE;LumDimm 2/039B;49.00581202;17.13044101;Luminaire description;;DALYA M PLC 65W;;H039AN0693;65W;RVO 2;LumDimm 2/039B;;Virtual;0;FALSE;
293;LUMINAIRE;LumDimm 2/040;49.00625702;17.13013197;Luminaire description;;DALYA M PLC 65W;;H039AN0693;65W;RVO 2;LumDimm 2/040;;Virtual;0;FALSE;
